https://www.google.com,gole
https://www.google.com,google
https://www.google.com,gole
https://www.google.com,google
https://www.google.com,gole
https://www.google.com,google
https://www.google.com,gole
https://www.google.com,google
https://www.google.com,gole
https://www.google.com,google
https://www.google.com,gole
https://www.google.com,google
https://www.google.com,gole
https://www.google.com,google
https://www.google.com,gole
https://www.google.com,google
https://www.google.com,gole
https://www.google.com,google
https://www.google.com,gole
https://www.google.com,google
https://www.google.com,gole
https://www.google.com,google
https://www.google.com,gole
https://www.google.com,google
https://www.google.com,gole
https://www.google.com,google
https://www.google.com,gole
https://www.google.com,google
https://www.google.com,gole
https://www.google.com,google
https://www.google.com,gole
https://www.google.com,google
https://www.google.com,gole
https://www.google.com,google
https://www.google.com,gole
https://www.google.com,google
https://www.google.com,gole
https://www.google.com,google
https://www.google.com,gole
https://www.google.com,google
https://www.google.com,gole
https://www.google.com,google
https://www.google.com,gole
https://www.google.com,google
https://www.google.com,gole
https://www.google.com,google
https://www.google.com,gole
https://www.google.com,google
https://www.google.com,gole
https://www.google.com,google
https://www.google.com,gole
https://www.google.com,google
https://www.google.com,gole
https://www.google.com,google
https://www.google.com,gole
https://www.google.com,google
